brownfield-site-publication	organisation	documentation-url	data-url	data-gov-uk	start-date	end-date
1	local-authority-eng:ADU		https://www.adur-worthing.gov.uk/media/media,146509,en.xlsx			
2	local-authority-eng:ALL	https://www.allerdale.gov.uk/en/planning-building-control/planning-policy/brownfield-register/	https://www-cloudfront.allerdale.gov.uk/media/filer_public/e2/4f/e24f8151-3b1c-421d-9909-0a6f29bfe831/allerdale_brownfieldregister_2017-12-20_1.csv	36bcc3d7-9972-4964-8afc-7d1e67229995		
3	local-authority-eng:AMB		http://info.ambervalley.gov.uk/shareddatasets/brownfieldlandregister/ambervalley_brownfieldregister_2017-12-31_rev1.csv	36bcc3d7-9972-4964-8afc-7d1e67229995		
4	local-authority-eng:ARU		https://www.arun.gov.uk/download.cfm?doc=docm93jijm4n11541.xlsm&ver=11522	f8f03343-1b72-46f4-937d-d9be84a71e62		
5	local-authority-eng:ASF		https://www.ashford.gov.uk/media/5782/ashford_borough_council_brownfield_register-26-02-18.csv	2b734ed1-0007-4606-a1c4-13a495cb1991		
6	local-authority-eng:ASH		https://www.ashfield.gov.uk/media/3811/ashfield-bflr.csv	2b734ed1-0007-4606-a1c4-13a495cb1991		
7	local-authority-eng:AYL		https://www.aylesburyvaledc.gov.uk/sites/default/files/page_downloads/aylesbury_vale_brownfield_register_2017-12-19_rev1%20%282%29.csv			
8	local-authority-eng:BAB		http://www.babergh.gov.uk/assets/Planning-Policy/BMSDC-BrownfieldRegister-2017-12-21.csv			
9	local-authority-eng:BAE		http://data.bassetlaw.gov.uk/media/751005/BrownfieldLandRegister2017.csv	75054751-2707-454e-83db-acaaff4209f6/		
10	local-authority-eng:BAI	http://www.basildon.gov.uk/blr	http://www.basildon.gov.uk/CHttpHandler.ashx?id=7800&p=0			
11	local-authority-eng:BAN		https://www.basingstoke.gov.uk/content/page/55024/Brownfield%20Land%20Register.csv			
12	local-authority-eng:BAR		https://data.barrowbc.gov.uk/dataset/3f587e30-a91e-4d0e-9525-a660706df8c0/resource/af1eb832-575e-46a0-a615-666daa5ab196/download/barrow-in-furnessbrownfieldregister2017-12-20rev1.csv			
13	local-authority-eng:BAS		http://www.bathnes.gov.uk/sites/default/files/sitedocuments/Planning-and-Building-Control/Planning-Policy/bathandnortheastsomerset_brownfieldregister_2017-12-31_rev1.csv			
14	local-authority-eng:BBD	http://www.blackburn.gov.uk/Pages/Brownfield-register.aspx	http://www.blackburn.gov.uk/Brownfield/blackburnwithdarwen_brownfieldregister_2017-12-20_rev1.csv			
15	local-authority-eng:BDF		https://www.bedford.gov.uk/environment_and_planning/planning_town_and_country/planning_policy__its_purpose/idoc.ashx?docid=a72bd551-72ae-4c1f-ab27-eee73f3c52ae&version=-1			
16	local-authority-eng:BDG	https://data.london.gov.uk/dataset/brownfield-land-register				
17	local-authority-eng:BEN		https://www.brent.gov.uk/media/16409507/brent_brownfieldregister_2017-12-20_rev1.csv			
18	local-authority-eng:BEX		http://www.bexley.gov.uk/sites/bexley-cms/files/2017-12/bexley_brownfieldregister_2017-12-07_rev1_0.csv			
19	local-authority-eng:BIR		https://www.birmingham.gov.uk/download/downloads/id/9037/brownfield_register.csv			
20	local-authority-eng:BLA		http://www.blaby.gov.uk/EasySiteWeb/GatewayLink.aspx?alId=14453			
21	local-authority-eng:BMH		https://www.bournemouth.gov.uk/planningbuilding/PlanningPolicy/PlanningPolicyFiles/brownfieldlandregister/bournemouth-brownfieldregister-2017-12-31-rev1.csv.csv			
22	local-authority-eng:BNE		https://files.datapress.com/barnet/dataset/brownfield-land-register/2017-12-19T09:58:04.45/Brownfield%20Land%20Register%20-%20Barnet.csv			
23	local-authority-eng:BNH		https://www.brighton-hove.gov.uk/sites/brighton-hove.gov.uk/files/Brighton%26Hove_City_Council_Brownfield_Land_Register_1912017_Post%20Consult_0.csv			
24	local-authority-eng:BNS		https://www.barnsley.gov.uk/media/7342/brownfield-register-2017-08-11.csv			
25	local-authority-eng:BOL		http://www.bolton.gov.uk/sites/DocumentCentre/Documents/bolton_brownfieldregister_2017-12-19_rev1.csv.csv			
26	local-authority-eng:BOS		http://www.bolsover.gov.uk/images/LIVE/B/bolsover_brownfield_register_2017_10_31.csv			
27	local-authority-eng:BOT		http://www.boston.gov.uk/CHttpHandler.ashx?id=22192&p=0			
28	local-authority-eng:BPL		https://www.blackpool.gov.uk/Residents/Planning-environment-and-community/Documents/Brownfield-Register-CSV-24KB.csv			
29	local-authority-eng:BRA		https://www.braintree.gov.uk/download/downloads/id/7439/bdc_brownfield_land_register_2017.csv			
30	local-authority-eng:BRC		https://files.bracknell-forest.gov.uk/sites/bracknell/documents/brownfield-register-%202017.csv			
31	local-authority-eng:BRD		https://files.datapress.com/leeds/dataset/bradford-brownfield-register/2017-12-12T13:17:30.67/Bradford_brownfieldregister_2017-12-01_rev1.csv			
32	local-authority-eng:BRE		https://www.breckland.gov.uk/media/7298/Brownfield-Land-Register/CSV/Brownfield_Land_Register.csv			
33	local-authority-eng:BRM		http://www.bromsgrove.gov.uk/media/3410731/Brownfield-Land-Register-Bromsgrove.csv			
34	local-authority-eng:BRO		https://www.broadland.gov.uk/download/downloads/id/3836/broadland_brownfield_sites_register.csv			
35	local-authority-eng:BRT		https://www.broxtowe.gov.uk/media/4239/broxtowe_brownfieldregister_2017-12-13_rev1.csv			
36	local-authority-eng:BRW		http://www.brentwood.gov.uk/pdf/29122017084910000000.xlsm			
37	local-authority-eng:BRX		https://www.broxbourne.gov.uk/sites/default/files/Documents/Planning/pp_Brownfield_Register_15_12_17.xlsx			
38	local-authority-eng:BRY		http://www.bromley.gov.uk/download/downloads/id/3318/brownfield_land_register.csv			
39	local-authority-eng:BST		https://www.bristol.gov.uk/documents/20182/931857/bristol_brownfieldregister_2017-12-19_rev1/e528c997-e4c8-4ea1-90a3-636370f1995e			
40	local-authority-eng:BUN		https://www.burnley.gov.uk/sites/default/files/burnley_brownfieldregister_2018-02-28_rev1_0.csv			
41	local-authority-eng:BUR		http://www.bury.gov.uk/CHttpHandler.ashx?id=19009&p=0			
42	local-authority-eng:CAB		https://www.cambridge.gov.uk/sites/default/files/brownfield-land-register.csv			
43	local-authority-eng:CAN		https://www.cannockchasedc.gov.uk/sites/default/files/cannockchase_brownfieldregister_2017-12-01_rev1.csv			
44	local-authority-eng:CAR	http://www.carlisle.gov.uk/planning-policy/Evidence-Base/Brownfield-Register	https://s3.eu-west-2.amazonaws.com/digital-land/brownfield-sites/CAR-2017-07-23.csv			
45	local-authority-eng:CAS	https://www.castlepoint.gov.uk/brownfield-land-register	https://s3.eu-west-2.amazonaws.com/digital-land/brownfield-sites/castlepoint_brownfieldregister_2017-12-01_rev1.csv			
46	local-authority-eng:CAT		https://www2.canterbury.gov.uk/media/1544546/Canterbury-brownfield-register-2017.csv			
47	local-authority-eng:CBF		http://www.centralbedfordshire.gov.uk/Images/brownfield-register-jan-2018_tcm3-26973.csv			
48	local-authority-eng:CHA		https://www.charnwood.gov.uk/files/documents/2017_charnwood_brownfield_land_register_cvs_file/charnwood_brownfieldregister_2017-12-31_rev2.csv			
49	local-authority-eng:CHC	https://www.dorsetforyou.gov.uk/planning-buildings-land/planning-policy/east-dorset-planning-policy/local-development-framework/christchurch-and-east-dorset-brownfield-land-registers.aspx	https://www.dorsetforyou.gov.uk/planning-buildings-land/planning-policy/east-dorset-planning-policy/local-development-framework/pdfs/brownfield-land-registers/christchurch-brownfield-register-2017.12.19-rev1-excel.csv	d8a32f35-e59f-4624-bb3d-2b733c78e276		
50	local-authority-eng:CHE		http://www.cheshireeast.gov.uk/docs/planning/spatial-planning-ldo-pages/brownfield-register/cheshireeast-brownfieldregister-2017-12-31-rev1.csv			
51	local-authority-eng:CHI		http://www.chichester.gov.uk/CHttpHandler.ashx?id=29276&p=0			
52	local-authority-eng:CHL		https://www.chelmsford.gov.uk/EasySiteWeb/GatewayLink.aspx?alId=1095043			
53	local-authority-eng:CHN		http://www.chiltern.gov.uk/media/11738/Chiltern-Brownfield-Register-Part-1/CSV/Chiltern_Brownfield_Register_-_Part_1.csv			
54	local-authority-eng:CHO		http://chorley.gov.uk/Documents/Planning/Planning%20Policy/chorley_brownfieldregister_2017-10-12_rev1.csv			
55	local-authority-eng:CHR		https://www.cherwell.gov.uk/download/downloads/id/4657/brownfield-land-register-december-2017.csv			
56	local-authority-eng:CHS		https://www.chesterfield.gov.uk/media/562918/cbc_brownfield_register.csv			
57	local-authority-eng:CHT		https://www.cheltenham.gov.uk/download/downloads/id/6228/cheltenham_brownfieldregister_2017-12-31_rev1csv.csv			
58	local-authority-eng:CHW		http://consult.cheshirewestandchester.gov.uk/file/4828366			
59	local-authority-eng:CLD		https://files.datapress.com/calderdale/dataset/brownfield-land-register/2017-12-21T10:30:42.92/brownfield-register.csv			
60	local-authority-eng:CMD		https://opendata.camden.gov.uk/api/views/dc7i-3xh8/rows.csv?accessType=DOWNLOAD			
61	local-authority-eng:COL	http://datashare.colchester.gov.uk/View/planning-and-licensing/brownfield-land-register	https://s3.eu-west-2.amazonaws.com/digital-land/brownfield-sites/COL-2017-07-23.csv			
62	local-authority-eng:CON		http://www.cornwall.gov.uk/media/30358128/cornwallcouncil_brownfieldregister_2017-12-12_rev1.csv			
63	local-authority-eng:COP		https://www.copeland.gov.uk/sites/default/files/attachments/copeland_brownfield_register.csv			
64	local-authority-eng:COR		http://www.nnjpu.org.uk/docs/BrownfieldLandRegisterTemplate%20-%202017%20Update%20-%20ONLINE%20VERSION.xlsm			
65	local-authority-eng:COT		http://www.cotswold.gov.uk/media/1565830/Brownfield-Land-Register.csv			
66	local-authority-eng:COV		http://www.coventry.gov.uk/download/downloads/id/27273/brownfield_land_register.xlsm			
67	local-authority-eng:CRA	https://www.cravendc.gov.uk/planning/brownfield-land-register/	https://www.cravendc.gov.uk/media/5414/brownfield-land-register-020218.xlsx			
68	local-authority-eng:CRW		http://www.crawley.gov.uk/pw/native/PUB327228			
69	local-authority-eng:CRY		https://www.croydon.gov.uk/sites/default/files/articles/downloads/Croydon%20Brownfield%20Land%20Register.xlsx			
70	local-authority-eng:DAC		https://www.dacorum.gov.uk/docs/default-source/default-document-library/dbc---brownfield-land-register-2017---csv-data-gov-version.csv?sfvrsn=0			
71	local-authority-eng:DAL	https://www.darlington.gov.uk/environment-and-planning/planning/planning-and-environmental-policy/brownfield-land-register/	https://www.darlington.gov.uk/media/2285/brownfield_land_register.csv			
72	local-authority-eng:DAR		https://www.dartford.gov.uk/__data/assets/file/0009/442278/Dartford_brownfieldregister_2017-12-19_rev1.csv			
73	local-authority-eng:DAV		https://www.daventrydc.gov.uk/EasySiteWeb/GatewayLink.aspx?alId=46090			
74	local-authority-eng:DEB		http://www.derbyshiredales.gov.uk/images/documents/B/Register%20v7%20Govt%20guidance%2028th%20July%202017.csv			
75	local-authority-eng:DER		http://www.derby.gov.uk/media/derbycitycouncil/contentassets/documents/policiesandguidance/planning/derby_brownfieldregister_2017_12_31_rev1.csv			
76	local-authority-eng:DNC		https://dmbcpublicwebsite.blob.core.windows.net/media/Default/Planning/Documents/Local%20Plan/Self%20build%20register/doncaster_brownfieldregister_2017-12-31_rev1.csv			
77	local-authority-eng:DOV		https://www.dover.gov.uk/Planning/Planning-Policy-and-Regeneration/Regeneration-and-Development-Opportunities/Brownfield-Register-csv.csv			
78	local-authority-eng:DUD		http://www.dudley.gov.uk/EasysiteWeb/getresource.axd?AssetID=290865&type=full&servicetype=Attachment			
79	local-authority-eng:DUR		https://files.datapress.com/leeds/dataset/brownfield-sites/2017-11-28T11:16:49.69/county-durham_brownfieldregister_2017-12-01_rev1.csv			
80	local-authority-eng:EAL		https://www.ealing.gov.uk/download/downloads/id/12723/ealings_brownfield_land_register_version_1.csv			
81	local-authority-eng:EAS		http://www.lewes-eastbourne.gov.uk/_resources/assets/inline/full/0/263226.csv			
82	local-authority-eng:EAT	https://www.eastleigh.gov.uk/planning-and-building/planning-policy-and-implementation/brownfield-land-register	https://www.eastleigh.gov.uk/media/2243/eastleigh2017-12-211-2.csv			
83	local-authority-eng:ECA		https://www.eastcambs.gov.uk/sites/default/files/East_Cambridgeshire_District_Council_brownfieldregister_2017-12-12_rev1.csv			
84	local-authority-eng:EDE		http://eastdevon.gov.uk/transparency/brownfields/east-devon_brownfieldregister_2017-11-17_rev1.csv			
85	local-authority-eng:EDN		https://www.eden.gov.uk/media/4516/brownfield_land_register_web.xlsx			
86	local-authority-eng:EDO	https://www.dorsetforyou.gov.uk/planning-buildings-land/planning-policy/east-dorset-planning-policy/local-development-framework/christchurch-and-east-dorset-brownfield-land-registers.aspx	https://www.dorsetforyou.gov.uk/planning-buildings-land/planning-policy/east-dorset-planning-policy/local-development-framework/pdfs/brownfield-land-registers/east-dorset-brownfield-register-2017.12.19-rev1-excel.csv			
87	local-authority-eng:EHA		https://www.easthants.gov.uk/brownfield-register-2017-part-1-csv-17-kb			
88	local-authority-eng:EHE	https://www.eastherts.gov.uk/brownfieldregister	https://www.eastherts.gov.uk/media/32459/Brownfield-Register/spreadsheet/Brownfield_Land_Register-_Excel.xlsx			
89	local-authority-eng:ELI		https://www.e-lindsey.gov.uk/media/7458/CSV-File-eastlindsey-brownfieldregister-2017-05-22-rev1/CSV/eastlindsey_brownfieldregister_2017-05-22_rev1.csv			
90	local-authority-eng:ELM		http://www.elmbridge.gov.uk/EasySiteWeb/GatewayLink.aspx?alId=4071			
91	local-authority-eng:ENF		https://new.enfield.gov.uk/services/planning/planning-policy/local-plan/planning-policy-information-enfield-blr-part-1.xlsx			
92	local-authority-eng:ENO		http://www.nnjpu.org.uk/docs/BrownfieldLandRegisterTemplate%20-%202017%20Update%20-%20ONLINE%20VERSION.xlsm			
93	local-authority-eng:EPP	http://www.efdclocalplan.org/brownfield-land-register/	http://www.efdclocalplan.org/wp-content/uploads/2018/03/Brownfield-Register.xlsx			
94	local-authority-eng:EPS		https://www.epsom-ewell.gov.uk/sites/default/files/documents/residents/planning/planning-policy/BrownfieldLandRegisterTemplate%20CSV.csv			
95	local-authority-eng:ERE		https://erewash.gov.uk/media/EBC/web-files/planning/erewash_brownfieldlandregister_2017-12-05_rev1.csv			
96	local-authority-eng:ERY		http://www2.eastriding.gov.uk/EasySiteWeb/GatewayLink.aspx?alId=679410			
97	local-authority-eng:EST		http://www.eaststaffsbc.gov.uk/sites/default/files/docs/planning/planningpolicy/brownfield/ESBC_Brownfield-Register.csv			
98	local-authority-eng:EXE		https://exeter.gov.uk/media/2596/pilot-brownfield-register.xlsx			
99	local-authority-eng:FAR		http://www.fareham.gov.uk/PDF/planning/Brownfield/FBC_Brownfield_Land_Register_Part1.csv			
100	local-authority-eng:FEN		http://www.fenland.gov.uk/CHttpHandler.ashx?id=14426&p=0			
101	local-authority-eng:FOE		http://www.fdean.gov.uk/media/5465/dclg-brownfield-land-register.csv			
102	local-authority-eng:FOR		https://www.westsuffolk.gov.uk/planning/Planning_Policies/upload/2017-12-13-Brownfield-land-register-csv-2.csv			
103	local-authority-eng:FYL	http://www.fylde.gov.uk/council/planning-policy--local-plan-/local-development-framework/brownfield-register/				
104	local-authority-eng:GAT	https://www.gateshead.gov.uk/article/3017/Brownfield-Register-December-2017	https://www.gateshead.gov.uk/media/6902/Gateshead-brownfield-register/excel/gateshead-brownfieldregister-2017-12-21-rev1.csv.csv			
105	local-authority-eng:GED	https://www.gedling.gov.uk/shlaa/	https://www.gedling.gov.uk/media/gedlingboroughcouncil/documents/planningpolicy/brownfieldregister/gedling_brownfieldregister_2017-08-31_rev1.csv	1d30c576-a0f1-422c-adcd-be757fade46b		
106	local-authority-eng:GLA	https://data.london.gov.uk/dataset/brownfield-land-register	https://data.london.gov.uk/dataset/brownfield-land-register	de1d9987-0d31-474c-a3a5-18a33885153c		
107	local-authority-eng:GLO		http://www.gloucester.gov.uk/Documents/GloucesterBFLR.csv			
108	local-authority-eng:GOS		http://www.gosport.gov.uk/files/GBCBrownfieldLandRegister.csv			
109	local-authority-eng:GRA		https://www.gravesham.gov.uk/__data/assets/excel_doc/0009/449568/Gravesham_BrownfieldLandRegister.xlsm			
110	local-authority-eng:GRE		http://www.royalgreenwich.gov.uk/download/downloads/id/3572/brownfield_land_register_csv			
111	local-authority-eng:GRT		https://www.guildford.gov.uk/media/26733/Guildford-Borough-Council-Brownfield-Land-Register-December-2017-csv-format-/CSV/guildford_brownfieldregister_2017_12_12_rev11			
112	local-authority-eng:GRY		https://www.great-yarmouth.gov.uk/CHttpHandler.ashx?id=2608&p=0			
113	local-authority-eng:HAA		https://www.havant.gov.uk/havant-brownfield-register-2017-pdf-18-kb			
114	local-authority-eng:HAE		http://hambleton.gov.uk/download/downloads/id/3686/brownfield_register.csv			
115	local-authority-eng:HAG		https://www.harrogate.gov.uk/download/downloads/id/3132/12-12-2017_harrogate_brownfield_register_rev_1.csv			
116	local-authority-eng:HAL		http://inspire.halton.gov.uk/data/halton_brownfieldregister_2017-12-31_rev1.csv			
117	local-authority-eng:HAO		http://www.harborough.gov.uk/download/downloads/id/3772/final_appendix_a_part_1_brownfield_land_register.xlsx			
118	local-authority-eng:HAR		http://www.harlow.gov.uk/sites/harlow-cms/files/files/documents/files/harlow_brownfieldregister_2017-12-31_rev1.csv			
119	local-authority-eng:HAS		http://www.hastings.gov.uk/content/planning/planning_policy/pdfs/hastings_brownfieldregister_2017-12-15_rev1.csv			
120	local-authority-eng:HAT		https://www.hart.gov.uk/sites/default/files/4_The_Council/Policies_and_published_documents/Planning_policy/hart_brownfieldregister_2017-12-22_rev1.csv			
121	local-authority-eng:HAV					
122	local-authority-eng:HCK		https://www.hackney.gov.uk/media/10019/brownfield-land-register/spreadsheet/hackney-brownfield-register			
123	local-authority-eng:HEF		https://www.herefordshire.gov.uk/download/downloads/id/13144/brownfield_sites_register_2018.csv			
124	local-authority-eng:HER	https://www.hertsmere.gov.uk/Planning--Building-Control/Planning-Policy/Brownfield-land-register.aspx	https://www.hertsmere.gov.uk/Documents/09-Planning--Building-Control/Planning-Policy/hertsmere-brownfieldregister-2017-12-22-rev1-correction2018-03.xlsx			
125	local-authority-eng:HIG		https://www.highpeak.gov.uk/media/2795/Brownfield-Register-CSV/Excel/High_Peak_Brownfield_Land_CSV_3.csv			
126	local-authority-eng:HIL		https://www.hillingdon.gov.uk/media/38639/CSV-file/xls/hillingdon_brownfieldregister_2017-12-31_rev1.csv			
127	local-authority-eng:HIN		https://www.hinckley-bosworth.gov.uk/download/downloads/id/5936/brownfield_register_2017.csv			
128	local-authority-eng:HMF		http://files.datapress.com/london/dataset/brownfield-land-register/2017-12-21T14:21:59.58/London_Brownfield_Land_Register_20171221_.csv			
129	local-authority-eng:HNS	http://data.hounslow.gov.uk/Download/planning/brownfield-land	http://data.hounslow.gov.uk/download/planning/brownfield-land/brownfield-register-2017-12-22/CSV?version=16/07/2018	1d30c576-a0f1-422c-adcd-be757fade46b		
130	local-authority-eng:HOR	https://www.horsham.gov.uk/planningpolicy/planning-policy/housing-land-availability/brownfield-land-register	https://www.horsham.gov.uk/__data/assets/excel_doc/0006/49434/horsham_brownfieldregister_2017-12-31_rev1a.xlsx			
131	local-authority-eng:HPL		https://www.hartlepool.gov.uk/download/downloads/id/3889/brownfield_land_register_-_part_1.xlsm			
132	local-authority-eng:HRW		http://www.harrow.gov.uk/download/downloads/id/10631/harrow_s_brownfield_land_register			
133	local-authority-eng:HRY		http://www.haringey.gov.uk/sites/haringeygovuk/files/haringey_brownfield_register_final_dec_2017.csv			
134	local-authority-eng:HUN		http://huntingdonshire.gov.uk/media/2871/huntingdonshire_brownfieldregister_2017-12-31_rev1.csv			
135	local-authority-eng:HYN		https://www.hyndburnbc.gov.uk/download-package/brownfield-register/?wpdmdl=5825&ind=wlBUCiGFckA9__HMiqcwu7uOPuvjKCHR_5f8ag9Dg11re9kkxWJJyoXPXJcusnHF_JNLCPsQE9MtOUQyKjL7qw			
136	local-authority-eng:IOS		http://www.scilly.gov.uk/sites/default/files/document/planning/Isles%20of%20Scilly%20Brownfield%20Land%20Register%20v1.0.xlsm			
137	local-authority-eng:IOW	https://www.iwight.com/documentlibrary/letter/b	https://www.iow.gov.uk/documentlibrary/download/brownfield-land-register-2017			
138	local-authority-eng:IPS		https://www.ipswich.gov.uk/sites/default/files/ipswich_brownfieldregister_20171221_1.csv			
139	local-authority-eng:ISL		https://www.islington.gov.uk/~/media/sharepoint-lists/public-records/planningandbuildingcontrol/information/adviceandinformation/20172018/20171124islingtonbrownfieldregister20171124rev1.csv			
140	local-authority-eng:KEC		https://www.rbkc.gov.uk/sites/default/files/atoms/files/17-12-15%20RBKC%20BrownfieldLandRegister_CSV.csv			
141	local-authority-eng:KET		http://www.nnjpu.org.uk/docs/BrownfieldLandRegisterTemplate%20-%202017%20Update%20-%20ONLINE%20VERSION.xlsm			
142	local-authority-eng:KHL		http://hullcc-consult.limehouse.co.uk/file/4825189			
143	local-authority-eng:KIN		https://www.west-norfolk.gov.uk/download/downloads/id/3526/brownfield_land_register_2017_-_csv.csv			
144	local-authority-eng:KIR		http://www.kirklees.gov.uk/beta/planning-policy/pdf/brownfield-land-register-2017.csv			
145	local-authority-eng:KTT		https://www.kingston.gov.uk/download/downloads/id/2204/kingston_brownfield_register_-_december_2017.csv			
146	local-authority-eng:KWL		http://www.knowsley.gov.uk/knowsleycouncil/media/Documents/Knowsley-MBC-Brownfield-register.xlsx			
147	local-authority-eng:LAC	https://www.lancaster.gov.uk/planning/planning-policy/brownfield-register	https://www.lancaster.gov.uk/assets/attach/3838/lancastercitycouncil_brownfieldlandregister_2018-06-21_rev1.csv	b471616a-b20b-40f3-8608-5567674a49ee		
148	local-authority-eng:LBH		https://www.lambeth.gov.uk/sites/default/files/lambeth_brownfieldregister_2017-12-15_rev1.csv			
149	local-authority-eng:LCE		http://directory.leicester.gov.uk/media/9719/leicester_brownfieldregister_2017-12-31_rev1.csv			
150	local-authority-eng:LDS	https://datamillnorth.org/dataset/brownfield-land-register	https://files.datapress.com/leeds/dataset/brownfield-land-register/2018-01-16T09:02:07.54/Brownfield.csv			
151	local-authority-eng:LEE		http://www.lewes-eastbourne.gov.uk/_resources/assets/inline/full/0/263293.csv			
152	local-authority-eng:LEW		https://www.lewisham.gov.uk/myservices/planning/policy/Documents/BrownfieldLandRegister.csv	292889d5-fc9d-4d4b-a1ba-74b60e9d00ef		
153	local-authority-eng:LIC		https://www.lincoln.gov.uk/_resources/assets/attachment/full/0/54502.csv			
154	local-authority-eng:LIF	https://www.lichfielddc.gov.uk/Council/Planning/The-local-plan-and-planning-policy/Resource-centre/Evidence-base/Housing/Brownfield-land-register.aspx	https://www.lichfielddc.gov.uk/Inspire-data-sets/Lichfield%20District%20Council%20Brownfield%20Land%20Register/Brownfield%20Land%20Register%202017.csv	e8e39e60-6422-4ac3-a206-e474ca4586b6		
155	local-authority-eng:LIV		https://liverpool.gov.uk/media/1356598/blr-lpool-part1-schedule-mandatorycols-12-12-17.csv			
156	local-authority-eng:LND		http://www.cityoflondon.gov.uk/services/environment-and-planning/planning/development-and-population-information/Documents/city-of-london_brownfieldregister_2017-11-16_rev0.csv			
157	local-authority-eng:LUT		http://www.luton.gov.uk/Environment/Lists/LutonDocuments/Excel/HOU-014.csv			
158	local-authority-eng:MAI		http://www.maidstone.gov.uk/__data/assets/file/0009/163476/Brownfield-Land-Register-Part-1-2017.csv			
159	local-authority-eng:MAL		http://www.maldon.gov.uk/download/downloads/id/15993/maldon_district_brownfield_land_register_part_1_2017_excel.xlsx			
160	local-authority-eng:MAN		http://www.manchester.gov.uk/download/downloads/id/25609/2017_manchester_brownfield_register.csv			
161	local-authority-eng:MAS		http://www.mansfield.gov.uk/Brownfield_Register/Mansfield_brownfieldregister_2017-12-13_rev1.csv			
162	local-authority-eng:MAV		https://www.malvernhills.gov.uk/documents/283188/8873213/MalvernHillsBrownfieldLandRegister2017_csv.csv/cf458998-a008-58a4-4dfd-33e1f451e5f4			
163	local-authority-eng:MDB	https://www.middlesbrough.gov.uk/planning-and-housing/planning/planning-policy/brownfield-land-register	https://www.middlesbrough.gov.uk/sites/default/files/Brownfield%20Land%20Register%20Middlesbrough%20March%202018%20update.csv			
164	local-authority-eng:MDE		https://www.middevon.gov.uk/media/344618/middevon_brownfieldregister_2017-12-31_rev1.xlsm			
165	local-authority-eng:MDW	https://www.medway.gov.uk/info/200149/planning_policy/140/brownfield_land_registers	https://www.medway.gov.uk/download/downloads/id/1833/brownfield_register.csv			
166	local-authority-eng:MEL		https://anyfile.255bits.com/wix/download?id=2035f46e190b9f1b4fa9180991d28a90			
167	local-authority-eng:MEN		http://www.mendip.gov.uk/CHttpHandler.ashx?id=17256&p=0			
168	local-authority-eng:MIK		https://www.milton-keynes.gov.uk/assets/attach/49208/milton-keynes_brownfieldregister_2017-12-31_rev1.csv			
169	local-authority-eng:MOL		https://www.molevalley.gov.uk/media.cfm?mediaid=37431			
170	local-authority-eng:MRT	https://www2.merton.gov.uk/environment/planning/brownfield-land-register.htm	https://www2.merton.gov.uk/Merton%20Brownfield%20Register%202017%20Web%20Ready%20CSV%20Version.csv			
171	local-authority-eng:MSS	https://www.midsussex.gov.uk/planning-building/evidence-supporting-documents/	https://www.midsussex.gov.uk/media/2619/mid-sussex-brownfield-land-register.csv			
172	local-authority-eng:MSU		http://www.babergh.gov.uk/assets/Planning-Policy/BMSDC-BrownfieldRegister-2017-12-21.csv			
173	local-authority-eng:NBL		http://opendata.northumberland.gov.uk/static/datasets/brownfield-register/brownfield-register.csv			
174	local-authority-eng:NDE		http://www.northdevon.gov.uk/media/378118/brownfield-land-register-december-2017.csv			
175	local-authority-eng:NDO		https://www.dorsetforyou.gov.uk/planning-buildings-land/planning-policy/north-dorset-planning-policy/pdfs/north-dorset-brownfield-register-2017-12-20.csv			
176	local-authority-eng:NEA		http://www.newark-sherwooddc.gov.uk/media/newarkandsherwood/imagesandfiles/planningpolicy/pdfs/brownfieldlandregister/NewarkandSherwood_2017-12-20_rev3.xlsm			
177	local-authority-eng:NEC		https://www.newcastle-staffs.gov.uk/sites/default/files/IMCE/Planning/Planning_Policy/NonLocal/NULBCBrownfield%20land%20register.csv			
178	local-authority-eng:NED		http://www.ne-derbyshire.gov.uk/images/Repository/N/northeastderbyshire_brownfield_register_2017_10_31_rev1.csv			
179	local-authority-eng:NEL		https://www.nelincs.gov.uk/wp-content/uploads/2017/11/20171208-BrownfieldLandRegister-PublishedDec2017.csv			
180	local-authority-eng:NET		https://files.datapress.com/leeds/dataset/newcastle-city-council-brownfield-sites/2017-12-21T09:31:53.54/Newcastle%20City%20Council_%20Brownfield%20Register_19-12-2017_rev1.csv			
181	local-authority-eng:NEW		http://www.newforest.gov.uk/CHttpHandler.ashx?id=35744&p=0			
182	local-authority-eng:NGM		http://geoserver.nottinghamcity.gov.uk/opendata/csv/spatial/ncc_Brownfield_Register.csv?t=636492720732997229			
183	local-authority-eng:NHE		https://www.north-herts.gov.uk/sites/northherts-cms/files/Brownfield%20Register.csv			
184	local-authority-eng:NKE		http://e-sd.org/FvF4n			
185	local-authority-eng:NLN		http://maps.northlincs.gov.uk/brownfieldregister/north-lincolnshire_browfieldregister_2017-12-18_rev1.csv			
186	local-authority-eng:NNO		https://www.north-norfolk.gov.uk/media/3783/northnorfolk_brownfieldregister_2017-12-19_rev1.csv			
187	local-authority-eng:NOR		https://www.northampton.gov.uk/download/downloads/id/10117/171220-nbc-bflr.csv			
188	local-authority-eng:NOW		https://www.norwich.gov.uk/download/downloads/id/4288/brownfield_land_register.csv			
189	local-authority-eng:NSM		http://www.n-somerset.gov.uk/wp-content/uploads/2015/11/northsomerset_brownfieldregister_2017-12-31_rev1.csv			
190	local-authority-eng:NTY		http://my.northtyneside.gov.uk/sites/default/files/web-page-related-files/northtyneside_brownfieldregister_2017-12-31_rev1.csv			
191	local-authority-eng:NUN	https://www.nuneatonandbedworth.gov.uk/downloads/file/2209/nuneaton_and_bedworth_brownfield_register_-_csv_2017	https://www.nuneatonandbedworth.gov.uk/download/downloads/id/2209/nuneaton_and_bedworth_brownfield_register_-_csv_2017.csv			
192	local-authority-eng:NWA	https://www.northwarks.gov.uk/info/20002/planning/1082/what_is_the_local_plan_for_north_warwickshire/7				
193	local-authority-eng:NWL		https://www.nwleics.gov.uk/files/documents/brownfield_land_register1/northwestleicestershire_brownfieldregister_2017-12-31_rev1.csv			
194	local-authority-eng:NWM		https://www.newham.gov.uk/Documents/Environment%20and%20planning/Newham%20Brownfield%20Register.csv			
195	local-authority-eng:OAD	https://www.oadby-wigston.gov.uk/pages/brownfield_land_register	https://www.oadby-wigston.gov.uk/files/documents/brownfield_land_register_part_1_december_2017_update/Government%20Template%202016.2017%20%28complete%29.xlsm			
196	local-authority-eng:OLD	https://www.oldham.gov.uk/info/200585/local_plan/2043/brownfield_land_register/1	https://www.oldham.gov.uk/downloads/file/4805/oldham_brownfieldregister_2017_12_22_1			
197	local-authority-eng:OXO		https://www.oxford.gov.uk/download/downloads/id/4244/oxford_brownfield_register_-_december_2017_csv.csv			
198	local-authority-eng:PEN		https://www.pendle.gov.uk/download/downloads/id/10040/pendle_brownfield_register_csv.csv			
199	local-authority-eng:PLY		https://plymouth.thedata.place/dataset/ece0ce26-9d4f-4ee8-b054-783d6097a250/resource/100ea7fc-fef3-41a5-9f1b-552aa613edc4/download/plymouth-brownfield-register.csv			
200	local-authority-eng:POL		http://archive.poole.gov.uk/EasySiteWeb/GatewayLink.aspx?alId=37772	124c06a6-6bb3-4ea4-9e57-67b3a62ebb62		
201	local-authority-eng:POR		https://www.portsmouth.gov.uk/ext/documents-external/portsmouth-brownfieldregister-2017-12-15-rev1.0.csv			
202	local-authority-eng:PRE		http://www.preston.gov.uk/GetAsset.aspx?id=fAAyADUANAA5ADYAfAB8AFQAcgB1AGUAfAB8ADAAfAA1			
203	local-authority-eng:PTE	https://www.peterborough.gov.uk/council/planning-and-development/planning-policies/brownfield-site-register/	https://docs.google.com/spreadsheets/d/19I7Oh4cF3b4qtVJPhltbrtQ2X1J79hfMG6F_k4Ir88o/export?format=csv&id=19I7Oh4cF3b4qtVJPhltbrtQ2X1J79hfMG6F_k4Ir88o&gid=666617093			
204	local-authority-eng:PUR	https://www.dorsetforyou.gov.uk/planning-buildings-land/planning-policy/purbeck-planning-policy/brownfield-register-purbeck/brownfield-land-register.aspx	https://www.dorsetforyou.gov.uk/planning-buildings-land/planning-policy/purbeck-planning-policy/brownfield-register-purbeck/pdf/purbeck-brownfield-land-register-part-1.csv	5bd47719-8169-4150-8911-fda6ad904911		
205	local-authority-eng:RCC		http://www.redcar-cleveland.gov.uk/rcbcweb.nsf/E362D0843A70155880257D640049A543/%24FILE/redcarandcleveland_brownfieldregister_2017-11-10_rev1.csv	0a7c1a46-51c6-4747-af50-b29cbd17a888		
206	local-authority-eng:RCH		http://www.rochdale.gov.uk/docs/2017-12-14-brownfield-land-register-as-at-01-04-2017-v1.csv			
207	local-authority-eng:RDB	http://data.redbridge.gov.uk/View/planning-and-land/brownfield-land-register#	https://s3.eu-west-2.amazonaws.com/digital-land/brownfield-sites/redbridge-brownfield-land-register.csv			
208	local-authority-eng:RDG		http://www.reading.gov.uk/media/8111/Brownfield-Land-Register/xls/2017_Brownfield_Land_Register_Part_1.xlsx			
209	local-authority-eng:RED		http://www.redditchbc.gov.uk/media/3411563/Redditch-Brownfield-Land-Register.csv			
210	local-authority-eng:REI	http://www.reigate-banstead.gov.uk/downloads/download/1346/brownfield_land_register	http://www.reigate-banstead.gov.uk/download/downloads/id/3904/reigateandbanstead_brownfieldregister_2017-12-31_1_csv.csv			
211	local-authority-eng:RIB	https://www.ribblevalley.gov.uk/info/200294/planning_and_buildings/1711/brownfield_register	http://www.ribblevalley.gov.uk/download/downloads/id/11621/brownfield_register_csv_file			
212	local-authority-eng:RIC		https://www.richmond.gov.uk/media/15291/brownfield_land_register.csv			
213	local-authority-eng:RIH		https://www.richmondshire.gov.uk/media/8380/brownfield-land-register-part-1-csv-format.csv			
214	local-authority-eng:ROC		https://www.rochford.gov.uk/brownfield-register-2018-excel-file			
215	local-authority-eng:ROH		http://www.rother.gov.uk/CHttpHandler.ashx?id=29528&p=0			
216	local-authority-eng:ROS		https://www.rossendale.gov.uk/download/downloads/id/14159/rossendale_brownfield_land_register_csv_file.csv			
217	local-authority-eng:ROT		http://www.rotherham.gov.uk/download/downloads/id/3375/brownfield_land_register_2017.csv			
218	local-authority-eng:RUG		https://www.rugby.gov.uk/download/downloads/id/1475/brownfield_land_register_csv.csv			
219	local-authority-eng:RUH	https://www.rushmoor.gov.uk/article/10524/Brownfield-land-register	http://data.rushmoor.gov.uk/Datasets/ThirdPartyLicensed/Brownfield%20Register/rushmoor_brownfieldregister_2017-12-11_rev1.csv	b16dade4-2aa7-431e-b282-0128f7b0f5ef		
220	local-authority-eng:RUN		https://www.runnymede.gov.uk/media/17783/Runnymede-Brownfield-Register/csv/runnymede_brownfieldregister_2018-02-02_rev11.csv			
221	local-authority-eng:RUS		http://www.rushcliffe.gov.uk/media/1rushcliffe/media/documents/excel/planningandbuilding/planningpolicy/rushcliffe_brownfieldregister_2017_12_19_rev1.csv			
222	local-authority-eng:RUT		https://www.rutland.gov.uk/_resources/assets/attachment/full/0/55748.xlsm			
223	local-authority-eng:RYE	https://www.ryedale.gov.uk/planning/brownfield-land-register.html	https://www.ryedale.gov.uk/attachments/category/1818/ryedale_brownfieldregister_2017-12-22_rev2.csv			
224	local-authority-eng:SAL		https://www.stalbans.gov.uk/Images/SP_CSV_st-albans_brownfieldregister_2017-12-31_rev1_tcm15-62593.csv			
225	local-authority-eng:SAW		http://www.sandwell.gov.uk/download/downloads/id/24171/sandwell_brownfield_register_csv.csv			
226	local-authority-eng:SBU		http://www.southbucks.gov.uk/media/11736/SB-Brownfield-Register-Part-1/CSV/SB_Brownfield_Register_-_Part_1.csv			
227	local-authority-eng:SCA		http://opendata.cambridgeshireinsight.org.uk/files/ci_opendata/South%20Cambridgeshire%20Brownfield%20Register%202017.csv			
228	local-authority-eng:SCE		https://www.scarborough.gov.uk/sites/scarborough.gov.uk/files/files/scarborough_brownfieldregister_2017-12-18_rev1.csv			
229	local-authority-eng:SDE		http://www.south-derbys.gov.uk/assets/attach/3720/South-Derbyshire_brownfieldregister_2017-12-31_rev1.excel.csv			
230	local-authority-eng:SED		https://www.westsuffolk.gov.uk/planning/Planning_Policies/upload/2017-12-13-Brownfield-land-register-csv-2.csv			
231	local-authority-eng:SEG		http://www.sedgemoor.gov.uk/media/2337/sedgemoor-brownfieldregister-2017-11-27-rev1-csv/csv/sedgemoor_brownfieldregister_2017-11-27_rev1			
232	local-authority-eng:SEL		http://www.selby.gov.uk/sites/default/files/Selby_Brownfield_Register_Final_V2_0.xlsx			
233	local-authority-eng:SEV		https://www.sevenoaks.gov.uk/download/downloads/id/1042/brownfield_land_register_-_december_2017.xlsx			
234	local-authority-eng:SFT	https://www.sefton.gov.uk/planning-building-control/planning-policy-including-local-plan-and-neighbourhood-planning/brownfield-land-register-2017.aspx	https://www.sefton.gov.uk/media/1363896/Sefton-Brownfield-Land-Register-2017-Pt1.csv			
235	local-authority-eng:SGC		http://www.southglos.gov.uk//documents/south_gloucestershire_brownfieldregister_2017_12_21.csv			
236	local-authority-eng:SHA	https://www.southhams.gov.uk/article/4291/Brownfield-Land-Register	https://www.southhams.gov.uk/media/2527/south-hams-brownfieldregister-2017-12-22-rev1/xls/south-hams_brownfieldregister_2017-12-22_rev1.xlsx			
237	local-authority-eng:SHE	http://www.shepway.gov.uk/planning/planning-policy/brownfield-register	http://www.shepway.gov.uk/media/4661/Shepway-Brownfield-Register/Files/Brownfield_land_register_Nov_2017_v2.xlsx			
238	local-authority-eng:SHF		https://www.sheffield.gov.uk/content/dam/sheffield/docs/planning-and-development/housing-land/Brownfield%20Register%202017.csv			
239	local-authority-eng:SHN		https://www.sthelens.gov.uk/media/7338/brownfield-land-register.csv			
240	local-authority-eng:SHO		https://www.sholland.gov.uk/media/7612/South-Holland-District-Brownfield-Land-Register/CSV/southholland_brownfieldregister_2017-12-08_rev1.csv			
241	local-authority-eng:SHR		https://shropshire.gov.uk/media/8887/shropshire-brownfield-register-22-dec-2017.csv			
242	local-authority-eng:SKE		http://www.southkesteven.gov.uk/CHttpHandler.ashx?id=22263&p=0			
243	local-authority-eng:SKP		https://s3-eu-west-1.amazonaws.com/live-iag-static-assets/csv/stockport_brownfieldregister_2017-12-21_rev1.csv			
244	local-authority-eng:SLA		https://www.southlakeland.gov.uk/media/4685/brownfield-land-register-2017.csv			
245	local-authority-eng:SLF		https://www.salford.gov.uk/media/391607/salford-brownfieldregister-2017-12-01-rev1.csv			
246	local-authority-eng:SLG		http://www.slough.gov.uk/downloads/slough_brownfield_land_register_01-12-2017.csv			
247	local-authority-eng:SND		https://www.sunderland.gov.uk/media/19863/sunderland-brownfieldregister-2017-12-01-rev1-csv-/CSV/sunderland_brownfieldregister_2017-12-01_rev1_(csv).csv			
248	local-authority-eng:SNO	https://www.south-norfolk.gov.uk/residents/planning/brownfield-register	https://www.south-norfolk.gov.uk/sites/default/files/downloads/southnorfolk_brownfieldregister_2017-12-31_rev1.csv			
249	local-authority-eng:SNR		https://www.southnorthants.gov.uk/download/downloads/id/3248/snc-brownfield-land-register-20175.csv			
250	local-authority-eng:SOL	http://www.solihull.gov.uk/blr	http://www.solihull.gov.uk/Portals/0/Planning/solihull-brownfield-register_2018-03-23.csv			
251	local-authority-eng:SOS		http://www.southend.gov.uk/download/downloads/id/5346/southend_brownfield_register_2017-03-31_rev1.csv			
252	local-authority-eng:SOX		http://www.southoxon.gov.uk/sites/default/files/2017.11.17_SODC_Brownfield%20Land%20Register.xlsm			
253	local-authority-eng:SPE		https://www.spelthorne.gov.uk/media/17582/Spelthornes-Part-1-Brownfield-Land-Register-2017/csv/BrownfieldLandRegisterTemplate.csv			
254	local-authority-eng:SRI	https://www.southribble.gov.uk/content/housing-land-availability	https://www.southribble.gov.uk/sites/default/files/southribble_brownfieldregister_2017-09-29_rev1_0.csv			
255	local-authority-eng:SSO		https://www.southsomerset.gov.uk/media/903585/southsomerset_brownfield_register_2017-11-16_rev1.csv			
256	local-authority-eng:SST	https://www.sstaffs.gov.uk/planning/brownfield-land-register.cfm	https://www.sstaffs.gov.uk/planning-files/brownfield-register/brownfield-register.csv			
257	local-authority-eng:STA	https://www.staffordbc.gov.uk/brownfield-land-register	https://www.staffordbc.gov.uk/sites/default/files/cme/DocMan1/Planning%20Policy/Brownfield%20Land%20Register/Brownfield-Land-Register.csv			
258	local-authority-eng:STE	https://www.stoke.gov.uk/downloads/file/977/register_of_stoke-on-trent_brownfield_sites	https://www.stoke.gov.uk/download/downloads/id/977/register_of_stoke-on-trent_brownfield_sites.csv			
259	local-authority-eng:STF	https://www.staffsmoorlands.gov.uk/article/1366/Housing-strategies	https://www.staffsmoorlands.gov.uk/media/2796/Brownfield-Register-CSV-File/Excel/SM_Brownfield_Land_CSV.csv			
260	local-authority-eng:STH		https://www.southampton.gov.uk/policies/final-blr-2017x_tcm63-397444.csv			
261	local-authority-eng:STN					
262	local-authority-eng:STO		https://www.stroud.gov.uk/media/557932/stroud_brownfieldregister_2017-12-18_rev1.csv			
263	local-authority-eng:STR	https://www.stratford.gov.uk/planning-regeneration/brownfield-land-register.cfm	https://www.stratford.gov.uk/doc/206607/name/BrownfieldLandRegistercsv.csv			
264	local-authority-eng:STT		https://www.stockton.gov.uk/media/876534/stockton_brownfieldregister_2017-12-31_1.csv			
265	local-authority-eng:STV	http://www.stevenage.gov.uk/149690/planning-policy/189023/	http://www.stevenage.gov.uk/content/15953/26379/191816/Brownfield-Land-Register-2017.xls	b0385ab8-28d7-44ed-8103-32cdf6e29801		
266	local-authority-eng:STY		https://www.southtyneside.gov.uk/media/29816/Register-of-Brownfield-Land/xls/STC_Brownfield.csv			
267	local-authority-eng:SUF		http://www.eastsuffolk.gov.uk/assets/Planning/Brownfield-Land-Register/Suffolk-Coastal-Brownfield-Land-Register.csv			
268	local-authority-eng:SUR		http://www.surreyheath.gov.uk/sites/default/files/documents/residents/planning/planning-policy/brownfield/shbrownfieldregister181217.csv			
269	local-authority-eng:SWD		https://www.swindon.gov.uk/download/downloads/id/3349/swindon_brownfieldregister_2017-12-21_rev1.csv			
270	local-authority-eng:SWK	http://www.southwark.gov.uk/planning-and-building-control/planning-policy-and-transport-policy/brownfield-land-register	https://www.southwark.gov.uk/assets/attach/5763/Southwark%20Brownfield%202017.xlsx			
271	local-authority-eng:SWL	https://www.swale.gov.uk/brownfield-land-register/	https://archive.swale.gov.uk/assets/Planning-General/Planning-Policy/Brownfield-Land-Register/Brownfield-Land-Register-for-Website-PROTECTED-VERSION.xlsx			
272	local-authority-eng:TAM		https://www.tameside.gov.uk/planning/tameside_blr.csv			
273	local-authority-eng:TAN		https://www.tandridge.gov.uk/Portals/0/Documents/Planning%20and%20building/Planning%20strategies%20and%20policies/Local%20plan/Local%20plan%202033/Tandridge-Brownfield-Register.csv			
274	local-authority-eng:TAU		https://www.tauntondeane.gov.uk/media/2205/taunton-deane_brownfieldregister_2017-12-31_rev1.csv			
275	local-authority-eng:TAW		https://www.tamworth.gov.uk/sites/default/files/planning_docs/Brownfield_register/App_A_tamworthbc_brownfieldregister_2017-12-08_rev1.csv			
276	local-authority-eng:TEI		https://www.teignbridge.gov.uk/media/6172/brownfieldlandregisterteignbridge2017.csv			
277	local-authority-eng:TEN		https://www.tendringdc.gov.uk/sites/default/files/documents/planning/planning%20policy/brownfield/Tendring%20Brownfield%20Land%20Register.csv			
278	local-authority-eng:TES		http://www.testvalley.gov.uk/assets/attach/5653/Test%20Valley%20Borough%20Council%20Brownfield%20Register.csv			
279	local-authority-eng:TEW		https://drive.google.com/open?id=1sc3-QVE9dEmkjwSEzp-DTHWNw7LAK_rh			
280	local-authority-eng:TFW	http://www.telford.gov.uk/info/20172/planning_policy_and_strategy/3270/brownfield_register	http://www.telford.gov.uk/downloads/file/5092/telford_and_wrekin_brownfieldregister_2016-12-01_rev1_csv			
281	local-authority-eng:THA	https://www.thanet.gov.uk/info-pages/brownfield-land-register/	https://www.thanet.gov.uk//wp-content/uploads/2018/03/BrownfieldLandRegisterThanetDCa.csv			
282	local-authority-eng:THE		http://www.threerivers.gov.uk/download?id=41371			
283	local-authority-eng:THR	https://www.thurrock.gov.uk/brownfield-land/potential-sites-for-development	https://www.thurrock.gov.uk/sites/default/files/assets/documents/brownfield-register-201712-v04.csv			
284	local-authority-eng:TOB		http://www.torbay.gov.uk/media/10578/torbay_pilotbrownfieldregister_2017-12-31_rev1.csv			
285	local-authority-eng:TON	https://www.tmbc.gov.uk/services/planning-and-development/planning/planning-local-plans/brownfield-register	https://www.tmbc.gov.uk/__data/assets/text_file/0007/476035/BFR-April-2018.csv			
286	local-authority-eng:TOR		http://www.torridge.gov.uk/CHttpHandler.ashx?id=18248&p=0			
287	local-authority-eng:TRF	https://www.trafford.gov.uk/planning/strategic-planning/local-plan/brownfield-land-register.aspx	https://s3.eu-west-2.amazonaws.com/digital-land/brownfield-sites/trafford-2017-12-22-rev1.csv			
288	local-authority-eng:TUN		http://www.tunbridgewells.gov.uk/__data/assets/file/0003/161166/604A2CC63BE467A4E0531401A8C0C3FA_TWBC_Brownfield_Register.csv			
289	local-authority-eng:TWH		https://www.towerhamlets.gov.uk/Documents/Planning-and-building-control/Strategic-Planning/tower_hamlets_brownfieldregister_2017_11_27_rev1.csv			
290	local-authority-eng:UTT		https://www.uttlesford.gov.uk/CHttpHandler.ashx?id=7478&p=0			
291	local-authority-eng:VAL		http://www.whitehorsedc.gov.uk/sites/default/files/2017_12_06%20Brownfield%20Register.csv			
292	local-authority-eng:WAE		http://www.waverley.gov.uk/download/downloads/id/5939/waverley_brownfield_land_register_csv.csv			
293	local-authority-eng:WAT		https://www.watford.gov.uk/download/downloads/id/1950/watford_brownfield_land_register.csv			
294	local-authority-eng:WAV	http://www.eastsuffolk.gov.uk/planning/brownfield-land-register/	http://www.eastsuffolk.gov.uk/assets/Planning/Brownfield-Land-Register/East-Suffolk-Brownfield-Land-Register.csv			
295	local-authority-eng:WAW		https://www.warwickdc.gov.uk/download/downloads/id/4705/brownfield_register_2017_-_csv.csv			
296	local-authority-eng:WBK		http://info.westberks.gov.uk/CHttpHandler.ashx?id=45003&p=0			
297	local-authority-eng:WDE	https://www.westdevon.gov.uk/article/4292/Brownfield-Land-Register	https://www.westdevon.gov.uk/media/2525/west-devon-brownfieldregister-2017-12-22-rev1/xls/west-devon_brownfieldregister_2017-12-22_rev1.xlsx			
298	local-authority-eng:WDO	https://www.dorsetforyou.gov.uk/planning-buildings-land/planning-policy/west-dorset-and-weymouth-portland-planning-policy/local-plan-review/strategic-housing-and-economic-land-availability-assessment.aspx	https://www.dorsetforyou.gov.uk/planning-buildings-land/planning-policy/west-dorset-and-weymouth-portland-planning-policy/local-plan-review/pdf/strategic-housing/west-dorset-district-council-brownfield-register-3rd-december-2017.csv	468c6bbe-800a-4fcd-bd34-2a68f3f5c83b		
299	local-authority-eng:WEA		http://www.wealden.gov.uk/nmsruntime/saveasdialog.aspx?lID=23503&sID=6536			
300	local-authority-eng:WEL	http://www.wellingborough.gov.uk/info/1004/planning_policy	http://www.nnjpu.org.uk/docs/BrownfieldLandRegisterTemplate%20-%202017%20Update%20-%20ONLINE%20VERSION.xlsm			
301	local-authority-eng:WEW		http://welhat.gov.uk/CHttpHandler.ashx?id=12816&p=0			
302	local-authority-eng:WEY	https://www.dorsetforyou.gov.uk/planning-buildings-land/planning-policy/west-dorset-and-weymouth-portland-planning-policy/local-plan-review/strategic-housing-and-economic-land-availability-assessment.aspx	https://www.dorsetforyou.gov.uk/planning-buildings-land/planning-policy/west-dorset-and-weymouth-portland-planning-policy/local-plan-review/pdf/strategic-housing/west-dorset-district-council-brownfield-register-3rd-december-2017.csv	2ba5edf5-7731-4812-8f88-b3f03e8f1534		
303	local-authority-eng:WFT		https://www.walthamforest.gov.uk/node/4007			
304	local-authority-eng:WGN		https://www.wigan.gov.uk/Docs/PDF/Council/Strategies-Plans-and-Policies/Planning/Environment/Brownfield-land-register.csv			
305	local-authority-eng:WIL		https://docs.google.com/spreadsheets/d/e/2PACX-1vS-JQmneR3VFjU_oZRHRTQg-qmh2zijMxzhxjrowhDLo0WKmutQekeE6A4D5pAov1d4jGi8fpkd1cDs/pub?output=csv			
306	local-authority-eng:WIN		http://www.winchester.gov.uk/assets/attach/13774/Brownfield%20Land%20Register%202017.csv			
307	local-authority-eng:WKF		http://www.wakefield.gov.uk/Documents/planning/planning-policy/wakefield_brownfieldregister_2017-12-31_rev1.csv			
308	local-authority-eng:WLA		http://www.westlancs.gov.uk/media/543716/blr-2017-final.csv			
309	local-authority-eng:WLI		https://www.west-lindsey.gov.uk/EasySiteWeb/GatewayLink.aspx?alId=55646			
310	local-authority-eng:WLL		http://inspire.misoportal.com/csv/files/walsall/walsall_brownfieldregister_2017_12_29_rev1.csv			
311	local-authority-eng:WLV	http://www.wolverhampton.gov.uk/article/2423/Housing-Site-Information	https://s3.eu-west-2.amazonaws.com/digital-land/brownfield-sites/Wolverhampton+Brownfield+Register+2018.csv	3950724f-f662-45e1-be8e-a53113a9bab7		
312	local-authority-eng:WND	http://www.wandsworth.gov.uk/info/200237/local_plan_-_evidence_base/2305/brownfield_land_register	http://www.wandsworth.gov.uk/downloads/file/13103/brownfield_land_register_csv			
313	local-authority-eng:WNM	https://www3.rbwm.gov.uk/info/201039/non-development_plan/1354/registers	https://www3.rbwm.gov.uk/download/downloads/id/3583/brownfield_register.csv			
314	local-authority-eng:WOC		https://www.worcester.gov.uk/documents/10499/8864076/Worcester+City+Council%27s+Brownfield+Land+Register.csv/ca3998dd-73ea-a77d-38df-abd18c162fe4			
315	local-authority-eng:WOI	http://www.woking2027.info/ldfregisters	http://woking2027.info/res/uploads/WokingBoroughCouncilBrownfieldLandRegister20171220.csv			
316	local-authority-eng:WOK		http://www.wokingham.gov.uk/_resources/assets/attachment/full/0/446349.csv			
317	local-authority-eng:WOX		http://www.westoxon.gov.uk/media/1710408/west-oxfordshire_brownfieldregister_november2017_rev0.csv			
318	local-authority-eng:WRL		https://www.wirral.gov.uk/sites/default/files/all/planning%20and%20building/Local%20plans%20and%20planning%20policy/Brownfield%20Register/Wirral_Brownfield_Register_2017-12-22_rev1.csv			
319	local-authority-eng:WRT	https://www.warrington.gov.uk/info/200564/planning-policy/1905/evidence-base	https://www.warrington.gov.uk/download/downloads/id/14633/brownfield_register_november_2017.xls			
320	local-authority-eng:WSM	https://www.westminster.gov.uk/brownfield-register	https://www.westminster.gov.uk/sites/www.westminster.gov.uk/files/wcc_brownfieldregister_2017.csv			
321	local-authority-eng:WSO	https://www.westsomersetonline.gov.uk/Planning---Building/Planning-Policy/Brownfield-Register	https://www.westsomersetonline.gov.uk/Docs/Brownfield-Register/west-somerset_brownfieldregister_2017-12-31_rev1.aspx			
322	local-authority-eng:WYC	https://www.wychavon.gov.uk/brownfield-land-register	https://www.wychavon.gov.uk/documents/10586/8873385/WychavonBrownfieldLandRegister2017wrapped.csv/f588a90c-1181-4598-19aa-9443e7b02ce2			
323	local-authority-eng:WYE	http://www.wyreforestdc.gov.uk/planning-and-buildings/planning-policy/brownfield-land-register.aspx	http://www.wyreforestdc.gov.uk/media/3585747/WyreForestDCBrownfieldLandRegister2017-1-.xlsx			
324	local-authority-eng:WYO	http://data.wycombe.gov.uk/View/planning/brownfield-land-register	http://data.wycombe.gov.uk/download/planning/brownfield-land-register/brownfield-land-register-2017/CSV?version=21/06/2018	0a30956f-b009-455c-9b81-88b6a4616e0f		
325	local-authority-eng:WYR		http://www.wyre.gov.uk/download/downloads/id/4390/wyre_council_brownfield_register_dec_2017.csv			
326	local-authority-eng:YOR		https://opendata.arcgis.com/datasets/24e275a6e4c44085a793366713c3a1de_21.csv			
327	development-corporation:1		http://www.queenelizabetholympicpark.co.uk/-/media/lldc/planning/brownfield-register/lldc-brownfield-register-csv-web-version.ashx?la=en			
328	development-corporation:2		https://www.london.gov.uk/sites/default/files/oldoakandparkroyaldevelopmentcorporation_brownfieldregister_2017-12-31_rev1.csv			
329	national-park:1		http://www.peakdistrict.gov.uk/__data/assets/file/0003/1068042/pdnpa-blr-18_12_2017.csv			
330	national-park:10	https://www.southdowns.gov.uk/planning/national-park-local-plan/strategic-housing-land-availability-assessment-shlaa/brownfield-sites-register/	https://www.southdowns.gov.uk/wp-content/uploads/2017/12/Brownfield-Register-Dec-2017.pdf			
331	national-park:2		http://www.lakedistrict.gov.uk/planning/planningpolicies/brownfield-land-register2/ldnpa_brownfieldregister_2017-12-14_rev1.csv			
332	national-park:3		http://www.dartmoor.gov.uk/__data/assets/file/0020/1024445/2017-Brownfield-Register-FINAL.csv			
333	national-park:4		http://www.northyorkmoors.org.uk/__data/assets/file/0008/1057148/north-york-moors_brownfieldregister_2017-12-14_rev1.csv			
334	national-park:5		http://www.yorkshiredales.org.uk/__data/assets/file/0011/1059941/YorkshireDalesNationalParkE26000008_brownfield-register_2017-11-13_rev1.csv			
335	national-park:6		http://www.exmoor-nationalpark.gov.uk/__data/assets/file/0009/1069317/exmoor_brownfieldregister2017-12-19_rev1.csv			
336	national-park:7		https://nnp-tacdesign.netdna-ssl.com/wp-content/uploads/2017/12/NNPA-Brownfield-Land-Register.csv			
337	national-park:8		http://www.broads-authority.gov.uk/__data/assets/text_file/0004/1064128/broads_authority_brownfieldregister_2017-12-13_rev1.csv			
338	national-park:9		http://www.newforestnpa.gov.uk/app/uploads/2018/01/npark_E26000009_brownfieldregister_2017_12_20_rev5__002_.csv			
